Event, pt1, eta1, phi1, pt2, eta2, phi2, M
114902683, 73.7489, 0.800788, 0.26102, 55.9369, 0.698872, 3.03502, 126.462830238